Date;Name;Status;Description;Exception
20/09/2024 16:43:06;Automatização Dashboard - Cockpit Central de Notas;Error;maximum recursion depth exceeded;"Traceback (most recent call last): <br>   File ""r:\Automatização Dashboard - Cockpit Central de Notas - Romulo - Contabilidade\Entities\dados.py"", line 45, in incrementar <br>     df = pd.concat([df, self.df], ignore_index=True) <br>                         ^^^^^^^ <br>   File ""r:\Automatização Dashboard - Cockpit Central de Notas - Romulo - Contabilidade\Entities\dados.py"", line 15, in df <br>     return self.df <br>            ^^^^^^^ <br>   File ""r:\Automatização Dashboard - Cockpit Central de Notas - Romulo - Contabilidade\Entities\dados.py"", line 15, in df <br>     return self.df <br>            ^^^^^^^ <br>   File ""r:\Automatização Dashboard - Cockpit Central de Notas - Romulo - Contabilidade\Entities\dados.py"", line 15, in df <br>     return self.df <br>            ^^^^^^^ <br>   [Previous line repeated 994 more times] <br> RecursionError: maximum recursion depth exceeded <br> "
20/09/2024 16:43:48;Automatização Dashboard - Cockpit Central de Notas;Error;maximum recursion depth exceeded;"Traceback (most recent call last): <br>   File ""r:\Automatização Dashboard - Cockpit Central de Notas - Romulo - Contabilidade\Entities\dados.py"", line 45, in incrementar <br>     df = pd.concat([df, self.df], ignore_index=True) <br>                         ^^^^^^^ <br>   File ""r:\Automatização Dashboard - Cockpit Central de Notas - Romulo - Contabilidade\Entities\dados.py"", line 15, in df <br>     return self.df <br>            ^^^^^^^ <br>   File ""r:\Automatização Dashboard - Cockpit Central de Notas - Romulo - Contabilidade\Entities\dados.py"", line 15, in df <br>     return self.df <br>            ^^^^^^^ <br>   File ""r:\Automatização Dashboard - Cockpit Central de Notas - Romulo - Contabilidade\Entities\dados.py"", line 15, in df <br>     return self.df <br>            ^^^^^^^ <br>   [Previous line repeated 994 more times] <br> RecursionError: maximum recursion depth exceeded <br> "
20/09/2024 17:04:12;Automatização Dashboard - Cockpit Central de Notas;Error;;"Traceback (most recent call last): <br>   File ""r:\Automatização Dashboard - Cockpit Central de Notas - Romulo - Contabilidade\Entities\dados.py"", line 47, in incrementar <br>     df_concat = df_concat.drop_duplicates() <br>                 ^^^^^^^^^ <br>   File ""C:\Users\renan.oliveira\AppData\Local\Programs\Python\Python312\Lib\bdb.py"", line 90, in trace_dispatch <br>     return self.dispatch_line(frame) <br>            ^^^^^^^^^^^^^^^^^^^^^^^^^ <br>   File ""C:\Users\renan.oliveira\AppData\Local\Programs\Python\Python312\Lib\bdb.py"", line 115, in dispatch_line <br>     if self.quitting: raise BdbQuit <br>                       ^^^^^^^^^^^^^ <br> bdb.BdbQuit <br> "
24/07/2025 16:11:41;Automatização Dashboard - Cockpit Central de Notas;Error;não foi possivel localizar o arquivo 'C:\Users\renan.oliveira\PATRIMAR ENGENHARIA S A\RPA - Documentos\RPA - Dados\Dados - Contabilidade\base2.json';"Traceback (most recent call last): <br>   File ""r:\#Prontos\Automatização Dashboard - Cockpit Central de Notas - Romulo - Contabilidade\main.py"", line 16, in Execute <br>     raise FileNotFoundError(f""não foi possivel localizar o arquivo '{file_base_path}'"") <br> FileNotFoundError: não foi possivel localizar o arquivo 'C:\Users\renan.oliveira\PATRIMAR ENGENHARIA S A\RPA - Documentos\RPA - Dados\Dados - Contabilidade\base2.json' <br> "
24/07/2025 16:18:44;Automatização Dashboard - Cockpit Central de Notas;Concluido;Automação finalizada com Sucesso!;NoneType: None <br> 
24/07/2025 16:23:37;Automatização Dashboard - Cockpit Central de Notas;Concluido;Automação finalizada com Sucesso!;NoneType: None <br> 
24/07/2025 16:29:26;Automatização Dashboard - Cockpit Central de Notas;Concluido;Automação finalizada com Sucesso!;NoneType: None <br> 
24/07/2025 16:39:16;Automatização Dashboard - Cockpit Central de Notas;Concluido;Automação finalizada com Sucesso!;NoneType: None <br> 
24/07/2025 16:40:36;Automatização Dashboard - Cockpit Central de Notas;Concluido;Automação finalizada com Sucesso!;NoneType: None <br> 
24/07/2025 17:28:50;Automatização Dashboard - Cockpit Central de Notas;Error;;"Traceback (most recent call last): <br>   File ""r:\#Prontos\Automatização Dashboard - Cockpit Central de Notas - Romulo - Contabilidade\Entities\extrair_relatorio.py"", line 84, in extrair_vtin <br>     self.session.findById(""wnd[0]/usr/cntlCONTAINER/shellcont/shell"").contextMenu() <br>     ^^^^ <br>   File ""C:\Users\renan.oliveira\AppData\Local\Programs\Python\Python312\Lib\bdb.py"", line 100, in trace_dispatch <br>     return self.dispatch_line(frame) <br>            ^^^^^^^^^^^^^^^^^^^^^^^^^ <br>   File ""C:\Users\renan.oliveira\AppData\Local\Programs\Python\Python312\Lib\bdb.py"", line 125, in dispatch_line <br>     if self.quitting: raise BdbQuit <br>                       ^^^^^^^^^^^^^ <br> bdb.BdbQuit <br> "
25/07/2025 09:16:40;Automatização Dashboard - Cockpit Central de Notas;Error;[WinError 32] O arquivo já está sendo usado por outro processo: 'R:\\#Prontos\\Automatização Dashboard - Cockpit Central de Notas - Romulo - Contabilidade\\download_path\\vtin';"Traceback (most recent call last): <br>   File ""r:\#Prontos\Automatização Dashboard - Cockpit Central de Notas - Romulo - Contabilidade\Entities\extrair_relatorio.py"", line 116, in limpar_download_path <br>     os.unlink(file) <br> PermissionError: [WinError 32] O arquivo já está sendo usado por outro processo: 'R:\\#Prontos\\Automatização Dashboard - Cockpit Central de Notas - Romulo - Contabilidade\\download_path\\vtin' <br> "
25/07/2025 09:17:01;Automatização Dashboard - Cockpit Central de Notas;Error;[WinError 32] O arquivo já está sendo usado por outro processo: 'R:\\#Prontos\\Automatização Dashboard - Cockpit Central de Notas - Romulo - Contabilidade\\download_path\\~$vtin';"Traceback (most recent call last): <br>   File ""r:\#Prontos\Automatização Dashboard - Cockpit Central de Notas - Romulo - Contabilidade\Entities\extrair_relatorio.py"", line 116, in limpar_download_path <br>     os.unlink(file) <br> PermissionError: [WinError 32] O arquivo já está sendo usado por outro processo: 'R:\\#Prontos\\Automatização Dashboard - Cockpit Central de Notas - Romulo - Contabilidade\\download_path\\~$vtin' <br> "
25/07/2025 09:17:22;Automatização Dashboard - Cockpit Central de Notas;Concluido;Automação finalizada com Sucesso!;NoneType: None <br> 
25/07/2025 09:21:20;Automatização Dashboard - Cockpit Central de Notas;Concluido;Automação finalizada com Sucesso!;NoneType: None <br> 
25/07/2025 09:35:37;Automatização Dashboard - Cockpit Central de Notas;Error;;"Traceback (most recent call last): <br>   File ""r:\#Prontos\Automatização Dashboard - Cockpit Central de Notas - Romulo - Contabilidade\Entities\extrair_relatorio.py"", line 101, in extrair_vtin <br>   File ""C:\Users\renan.oliveira\AppData\Local\Programs\Python\Python312\Lib\bdb.py"", line 100, in trace_dispatch <br>     return self.dispatch_line(frame) <br>            ^^^^^^^^^^^^^^^^^^^^^^^^^ <br>   File ""C:\Users\renan.oliveira\AppData\Local\Programs\Python\Python312\Lib\bdb.py"", line 125, in dispatch_line <br>     if self.quitting: raise BdbQuit <br>                       ^^^^^^^^^^^^^ <br> bdb.BdbQuit <br> "
